iso_time,epoch_seconds,sample_index,q1_raw,q1_valid,q2_raw,q2_valid,q1_baseline,q2_baseline,event
2026-09-08T12:19:46.472,1788850186.4721,1,13529,1,0,0,,,
2026-09-08T12:19:46.486,1788850186.4861,2,-2092,1,0,0,,,
2026-09-08T12:19:46.535,1788850186.5355,3,-292,1,0,0,,,
2026-09-08T12:19:46.559,1788850186.5596,4,1332,1,0,0,,,
2026-09-08T12:19:46.585,1788850186.5853,5,885,1,0,0,,,
2026-09-08T12:19:46.612,1788850186.6127,6,-848,1,0,0,,,
2026-09-08T12:19:46.644,1788850186.6447,7,-2694,1,0,0,,,
2026-09-08T12:19:46.676,1788850186.6764,8,-2345,1,0,0,,,
2026-09-08T12:19:46.708,1788850186.7080,9,-853,1,0,0,,,
2026-09-08T12:19:46.739,1788850186.7399,10,1278,1,0,0,,,
2026-09-08T12:19:46.759,1788850186.7599,11,1977,1,0,0,,,
2026-09-08T12:19:46.790,1788850186.7902,12,838,1,0,0,,,
2026-09-08T12:19:46.821,1788850186.8217,13,-1710,1,0,0,,,
2026-09-08T12:19:46.853,1788850186.8534,14,-2795,1,0,0,,,
2026-09-08T12:19:46.885,1788850186.8852,15,-1179,1,0,0,,,
2026-09-08T12:19:46.919,1788850186.9192,16,396,1,0,0,,,
2026-09-08T12:19:46.950,1788850186.9502,17,2033,1,0,0,,,
2026-09-08T12:19:46.991,1788850186.9918,18,1275,1,0,0,,,
2026-09-08T12:19:47.010,1788850187.0105,19,-463,1,0,0,,,
2026-09-08T12:19:47.033,1788850187.0334,20,-2650,1,0,0,,,
2026-09-08T12:19:47.070,1788850187.0703,21,-2076,1,0,0,,,
2026-09-08T12:19:47.101,1788850187.1016,22,-616,1,0,0,,,
2026-09-08T12:19:47.115,1788850187.1158,23,1498,1,0,0,,,
2026-09-08T12:19:47.157,1788850187.1578,24,1923,1,0,0,,,
2026-09-08T12:19:47.189,1788850187.1900,25,787,1,0,0,,,
2026-09-08T12:19:47.219,1788850187.2196,26,-1877,1,0,0,,,
2026-09-08T12:19:47.249,1788850187.2492,27,-2572,1,0,0,,,
2026-09-08T12:19:47.280,1788850187.2810,28,-1576,1,0,0,,,
2026-09-08T12:19:47.313,1788850187.3137,29,557,1,0,0,,,
2026-09-08T12:19:47.333,1788850187.3335,30,1965,1,0,0,,,
2026-09-08T12:19:47.364,1788850187.3649,31,1728,1,0,0,,,
2026-09-08T12:19:47.403,1788850187.4038,32,-637,1,0,0,,,
2026-09-08T12:19:47.432,1788850187.4322,33,-2415,1,0,0,,,
2026-09-08T12:19:47.448,1788850187.4483,34,-2290,1,0,0,,,
2026-09-08T12:19:47.480,1788850187.4802,35,-529,1,0,0,,,
2026-09-08T12:19:47.513,1788850187.5130,36,1428,1,0,0,,,
2026-09-08T12:19:47.549,1788850187.5499,37,2070,1,0,0,,,
2026-09-08T12:19:47.574,1788850187.5741,38,709,1,0,0,,,
2026-09-08T12:19:47.605,1788850187.6057,39,-1647,1,0,0,,,
2026-09-08T12:19:47.637,1788850187.6375,40,-2483,1,0,0,,,
2026-09-08T12:19:47.669,1788850187.6699,41,-1512,1,0,0,,,
2026-09-08T12:19:47.685,1788850187.6856,42,531,1,0,0,,,
2026-09-08T12:19:47.719,1788850187.7197,43,1828,1,0,0,,,
2026-09-08T12:19:47.749,1788850187.7497,44,1654,1,0,0,,,
2026-09-08T12:19:47.783,1788850187.7833,45,-483,1,0,0,,,
2026-09-08T12:19:47.815,1788850187.8153,46,-2023,1,0,0,,,
2026-09-08T12:19:47.847,1788850187.8475,47,-2211,1,0,0,,,
2026-09-08T12:19:47.879,1788850187.8795,48,-485,1,0,0,,,
2026-09-08T12:19:47.906,1788850187.9063,49,1124,1,0,0,,,
2026-09-08T12:19:47.938,1788850187.9384,50,2093,1,0,0,,,
2026-09-08T12:19:47.956,1788850187.9563,51,834,1,0,0,,,
2026-09-08T12:19:47.988,1788850187.9887,52,-1072,1,0,0,,,
2026-09-08T12:19:48.020,1788850188.0210,53,-2456,1,0,0,,,
2026-09-08T12:19:48.058,1788850188.0586,54,-1488,1,0,0,,,
2026-09-08T12:19:48.082,1788850188.0829,55,125,1,0,0,,,
2026-09-08T12:19:48.114,1788850188.1147,56,1921,1,0,0,,,
2026-09-08T12:19:48.146,1788850188.1464,57,1846,1,0,0,,,
2026-09-08T12:19:48.178,1788850188.1786,58,-567,1,0,0,,,
2026-09-08T12:19:48.211,1788850188.2111,59,-2050,1,0,0,,,
2026-09-08T12:19:48.242,1788850188.2425,60,-2290,1,0,0,,,
2026-09-08T12:19:48.256,1788850188.2569,61,-303,1,0,0,,,
2026-09-08T12:19:48.304,1788850188.3043,62,1226,1,0,0,,,
2026-09-08T12:19:48.321,1788850188.3212,63,2283,1,0,0,,,
2026-09-08T12:19:48.352,1788850188.3527,64,752,1,0,0,,,
2026-09-08T12:19:48.384,1788850188.3845,65,-1109,1,0,0,,,
2026-09-08T12:19:48.416,1788850188.4167,66,-2602,1,0,0,,,
2026-09-08T12:19:48.448,1788850188.4482,67,-1296,1,0,0,,,
2026-09-08T12:19:48.479,1788850188.4799,68,290,1,0,0,,,
2026-09-08T12:19:48.511,1788850188.5117,69,2144,1,0,0,,,
2026-09-08T12:19:48.529,1788850188.5294,70,1751,1,0,0,,,
2026-09-08T12:19:48.560,1788850188.5610,71,132,1,0,0,,,
2026-09-08T12:19:48.591,1788850188.5911,72,-2301,1,0,0,,,
2026-09-08T12:19:48.625,1788850188.6252,73,-2078,1,0,0,,,
2026-09-08T12:19:48.656,1788850188.6570,74,-729,1,0,0,,,
2026-09-08T12:19:48.688,1788850188.6888,75,1463,1,0,0,,,
2026-09-08T12:19:48.718,1788850188.7186,76,2224,1,0,0,,,
2026-09-08T12:19:48.750,1788850188.7509,77,1316,1,0,0,,,
2026-09-08T12:19:48.782,1788850188.7824,78,-1369,1,0,0,,,
2026-09-08T12:19:48.798,1788850188.7984,79,-2415,1,0,0,,,
2026-09-08T12:19:48.830,1788850188.8304,80,-1632,1,0,0,,,
2026-09-08T12:19:48.862,1788850188.8625,81,459,1,0,0,,,
2026-09-08T12:19:48.894,1788850188.8943,82,2049,1,0,0,,,
2026-09-08T12:19:48.926,1788850188.9263,83,2068,1,0,0,,,
2026-09-08T12:19:48.959,1788850188.9592,84,-70,1,0,0,,,
2026-09-08T12:19:48.990,1788850188.9907,85,-2090,1,0,0,,,
2026-09-08T12:19:49.008,1788850189.0086,86,-2246,1,0,0,,,
2026-09-08T12:19:49.040,1788850189.0406,87,-633,1,0,0,,,
2026-09-08T12:19:49.076,1788850189.0765,88,1392,1,0,0,,,
2026-09-08T12:19:49.104,1788850189.1042,89,2237,1,0,0,,,
2026-09-08T12:19:49.136,1788850189.1366,90,1175,1,0,0,,,
2026-09-08T12:19:49.168,1788850189.1680,91,-1224,1,0,0,,,
2026-09-08T12:19:49.200,1788850189.2000,92,-2279,1,0,0,,,
2026-09-08T12:19:49.213,1788850189.2137,93,-1585,1,0,0,,,
2026-09-08T12:19:49.245,1788850189.2455,94,427,1,0,0,,,
2026-09-08T12:19:49.277,1788850189.2775,95,1822,1,0,0,,,
2026-09-08T12:19:49.312,1788850189.3127,96,1984,1,0,0,,,
2026-09-08T12:19:49.344,1788850189.3443,97,12,1,0,0,,,
2026-09-08T12:19:49.377,1788850189.3780,98,-1710,1,0,0,,,
2026-09-08T12:19:49.405,1788850189.4056,99,-2206,1,0,0,,,
2026-09-08T12:19:49.437,1788850189.4378,100,-639,1,0,0,,,
2026-09-08T12:19:49.469,1788850189.4695,101,1560,1,0,0,,,
2026-09-08T12:19:49.487,1788850189.4876,102,2233,1,0,0,,,
2026-09-08T12:19:49.519,1788850189.5192,103,1276,1,0,0,,,
2026-09-08T12:19:49.558,1788850189.5590,104,-1370,1,0,0,,,
2026-09-08T12:19:49.582,1788850189.5828,105,-2311,1,0,0,,,
2026-09-08T12:19:49.614,1788850189.6143,106,-1637,1,0,0,,,
2026-09-08T12:19:49.646,1788850189.6460,107,566,1,0,0,,,
2026-09-08T12:19:49.678,1788850189.6785,108,1880,1,0,0,,,
2026-09-08T12:19:49.691,1788850189.6916,109,2134,1,0,0,,,
2026-09-08T12:19:49.723,1788850189.7233,110,-103,1,0,0,,,
2026-09-08T12:19:49.755,1788850189.7553,111,-1752,1,0,0,,,
2026-09-08T12:19:49.804,1788850189.8049,112,-2360,1,0,0,,,
2026-09-08T12:19:49.837,1788850189.8375,113,-497,1,0,0,,,
2026-09-08T12:19:49.858,1788850189.8582,114,1083,1,0,0,,,
2026-09-08T12:19:49.885,1788850189.8853,115,2401,1,0,0,,,
2026-09-08T12:19:49.914,1788850189.9145,116,1147,1,0,0,,,
2026-09-08T12:19:49.946,1788850189.9464,117,-720,1,0,0,,,
2026-09-08T12:19:49.978,1788850189.9786,118,-2506,1,0,0,,,
2026-09-08T12:19:50.010,1788850190.0107,119,-1447,1,0,0,,,
2026-09-08T12:19:50.028,1788850190.0287,120,115,1,0,0,,,
2026-09-08T12:19:50.060,1788850190.0607,121,2088,1,0,0,,,
2026-09-08T12:19:50.092,1788850190.0930,122,2000,1,0,0,,,
2026-09-08T12:19:50.124,1788850190.1245,123,519,1,0,0,,,
2026-09-08T12:19:50.154,1788850190.1543,124,-2040,1,0,0,,,
2026-09-08T12:19:50.186,1788850190.1862,125,-2147,1,0,0,,,
2026-09-08T12:19:50.220,1788850190.2204,126,-899,1,0,0,,,
2026-09-08T12:19:50.250,1788850190.2500,127,1299,1,0,0,,,
2026-09-08T12:19:50.279,1788850190.2791,128,2299,1,0,0,,,
2026-09-08T12:19:50.302,1788850190.3023,129,1613,1,0,0,,,
2026-09-08T12:19:50.337,1788850190.3373,130,-1020,1,0,0,,,
2026-09-08T12:19:50.363,1788850190.3637,131,-2326,1,0,0,,,
2026-09-08T12:19:50.394,1788850190.3942,132,-1722,1,0,0,,,
2026-09-08T12:19:50.426,1788850190.4261,133,285,1,0,0,,,
2026-09-08T12:19:50.457,1788850190.4579,134,2020,1,0,0,,,
2026-09-08T12:19:50.489,1788850190.4894,135,2199,1,0,0,,,
2026-09-08T12:19:50.521,1788850190.5212,136,271,1,0,0,,,
2026-09-08T12:19:50.553,1788850190.5540,137,-1890,1,0,0,,,
2026-09-08T12:19:50.578,1788850190.5787,138,-2251,1,0,0,,,
2026-09-08T12:19:50.605,1788850190.6060,139,-749,1,0,0,,,
2026-09-08T12:19:50.636,1788850190.6363,140,1284,1,0,0,,,
2026-09-08T12:19:50.668,1788850190.6683,141,2246,1,0,0,,,
2026-09-08T12:19:50.697,1788850190.6978,142,1411,1,0,0,,,
2026-09-08T12:19:50.732,1788850190.7322,143,-981,1,0,0,,,
2026-09-08T12:19:50.758,1788850190.7582,144,-2493,1,0,0,,,
2026-09-08T12:19:50.793,1788850190.7939,145,-1696,1,0,0,,,
2026-09-08T12:19:50.809,1788850190.8090,146,264,1,0,0,,,
2026-09-08T12:19:50.840,1788850190.8404,147,2183,1,0,0,,,
2026-09-08T12:19:50.880,1788850190.8809,148,2128,1,0,0,,,
2026-09-08T12:19:50.903,1788850190.9039,149,292,1,0,0,,,
2026-09-08T12:19:50.935,1788850190.9357,150,-2085,1,0,0,,,
2026-09-08T12:19:50.967,1788850190.9679,151,-2224,1,0,0,,,
2026-09-08T12:19:50.983,1788850190.9838,152,-798,1,0,0,,,
2026-09-08T12:19:51.015,1788850191.0158,153,1435,1,0,0,,,
2026-09-08T12:19:51.063,1788850191.0638,154,2250,1,0,0,,,
2026-09-08T12:19:51.081,1788850191.0812,155,1508,1,0,0,,,
2026-09-08T12:19:51.112,1788850191.1121,156,-1117,1,0,0,,,
2026-09-08T12:19:51.144,1788850191.1443,157,-2223,1,0,0,,,
2026-09-08T12:19:51.175,1788850191.1760,158,-1739,1,0,0,,,
2026-09-08T12:19:51.208,1788850191.2080,159,423,1,0,0,,,
2026-09-08T12:19:51.240,1788850191.2401,160,1806,1,0,0,,,
2026-09-08T12:19:51.256,1788850191.2561,161,2249,1,0,0,,,
2026-09-08T12:19:51.288,1788850191.2883,162,173,1,0,0,,,
2026-09-08T12:19:51.329,1788850191.3298,163,-1569,1,0,0,,,
2026-09-08T12:19:51.353,1788850191.3539,164,-2401,1,0,0,,,
2026-09-08T12:19:51.383,1788850191.3837,165,-628,1,0,0,,,
2026-09-08T12:19:51.415,1788850191.4155,166,956,1,0,0,,,
2026-09-08T12:19:51.447,1788850191.4473,167,2413,1,0,0,,,
2026-09-08T12:19:51.479,1788850191.4792,168,1349,1,0,0,,,
2026-09-08T12:19:51.505,1788850191.5055,169,-499,1,0,0,,,
2026-09-08T12:19:51.526,1788850191.5268,170,-2451,1,0,0,,,
2026-09-08T12:19:51.559,1788850191.5593,171,-1567,1,0,0,,,
2026-09-08T12:19:51.590,1788850191.5909,172,-38,1,0,0,,,
2026-09-08T12:19:51.622,1788850191.6225,173,2000,1,0,0,,,
2026-09-08T12:19:51.656,1788850191.6565,174,2108,1,0,0,,,
2026-09-08T12:19:51.686,1788850191.6864,175,728,1,0,0,,,
2026-09-08T12:19:51.718,1788850191.7185,176,-1907,1,0,0,,,
2026-09-08T12:19:51.750,1788850191.7502,177,-2200,1,0,0,,,
2026-09-08T12:19:51.766,1788850191.7661,178,-1037,1,0,0,,,
2026-09-08T12:19:51.797,1788850191.7979,179,1166,1,0,0,,,
2026-09-08T12:19:51.830,1788850191.8301,180,2297,1,0,0,,,
2026-09-08T12:19:51.862,1788850191.8621,181,1727,1,0,0,,,
2026-09-08T12:19:51.894,1788850191.8942,182,-874,1,0,0,,,
2026-09-08T12:19:51.926,1788850191.9263,183,-2331,1,0,0,,,
2026-09-08T12:19:51.942,1788850191.9425,184,-1847,1,0,0,,,
2026-09-08T12:19:51.990,1788850191.9902,185,107,1,0,0,,,
2026-09-08T12:19:52.006,1788850192.0064,186,1930,1,0,0,,,
2026-09-08T12:19:52.038,1788850192.0386,187,2174,1,0,0,,,
2026-09-08T12:19:52.070,1788850192.0707,188,504,1,0,0,,,
2026-09-08T12:19:52.103,1788850192.1032,189,-1759,1,0,0,,,
2026-09-08T12:19:52.135,1788850192.1352,190,-2311,1,0,0,,,
2026-09-08T12:19:52.167,1788850192.1671,191,-911,1,0,0,,,
2026-09-08T12:19:52.198,1788850192.1989,192,1147,1,0,0,,,
2026-09-08T12:19:52.214,1788850192.2149,193,2432,1,0,0,,,
2026-09-08T12:19:52.246,1788850192.2469,194,1577,1,0,0,,,
2026-09-08T12:19:52.284,1788850192.2845,195,-787,1,0,0,,,
2026-09-08T12:19:52.313,1788850192.3136,196,-2472,1,0,0,,,
2026-09-08T12:19:52.343,1788850192.3438,197,-1783,1,0,0,,,
2026-09-08T12:19:52.375,1788850192.3758,198,117,1,0,0,,,
2026-09-08T12:19:52.407,1788850192.4076,199,2094,1,0,0,,,
2026-09-08T12:19:52.423,1788850192.4234,200,2184,1,0,0,,,
2026-09-08T12:19:52.471,1788850192.4713,201,464,1,0,0,,,
2026-09-08T12:19:52.487,1788850192.4874,202,-1995,1,0,0,,,
2026-09-08T12:19:52.519,1788850192.5196,203,-2284,1,0,0,,,
2026-09-08T12:19:52.551,1788850192.5519,204,-958,1,0,0,,,
2026-09-08T12:19:52.585,1788850192.5852,205,1277,1,0,0,,,
2026-09-08T12:19:52.615,1788850192.6156,206,2178,1,0,0,,,
2026-09-08T12:19:52.647,1788850192.6473,207,1603,1,0,0,,,
2026-09-08T12:19:52.673,1788850192.6739,208,-991,1,0,0,28,,
2026-09-08T12:19:52.698,1788850192.6983,209,-2182,1,0,0,28,,
2026-09-08T12:19:52.732,1788850192.7322,210,-1868,1,0,0,28,,
2026-09-08T12:19:52.761,1788850192.7619,211,241,1,0,0,28,,
2026-09-08T12:19:52.793,1788850192.7938,212,1673,1,0,0,28,,
2026-09-08T12:19:52.825,1788850192.8255,213,2279,1,0,0,28,,
2026-09-08T12:19:52.841,1788850192.8417,214,318,1,0,0,28,,
2026-09-08T12:19:52.885,1788850192.8860,215,-1476,1,0,0,28,,
2026-09-08T12:19:52.905,1788850192.9056,216,-2461,1,0,0,28,,
2026-09-08T12:19:52.937,1788850192.9374,217,-791,1,0,0,28,,
2026-09-08T12:19:52.969,1788850192.9691,218,801,1,0,0,28,,
2026-09-08T12:19:53.001,1788850193.0012,219,2371,1,0,0,28,,
2026-09-08T12:19:53.033,1788850193.0335,220,1459,1,0,0,28,,
2026-09-08T12:19:53.065,1788850193.0654,221,-344,1,0,0,28,,
2026-09-08T12:19:53.099,1788850193.0991,222,-2418,1,0,0,28,,
2026-09-08T12:19:53.113,1788850193.1134,223,-1690,1,0,0,28,,
2026-09-08T12:19:53.145,1788850193.1453,224,-201,1,0,0,28,,
2026-09-08T12:19:53.186,1788850193.1865,225,1893,1,0,0,28,,
2026-09-08T12:19:53.209,1788850193.2098,226,2140,1,0,0,28,,
2026-09-08T12:19:53.241,1788850193.2418,227,290,1,0,0,28,,
2026-09-08T12:19:53.273,1788850193.2736,228,-1784,1,0,0,28,,
2026-09-08T12:19:53.313,1788850193.3130,229,-2270,1,0,0,28,,
2026-09-08T12:19:53.337,1788850193.3375,230,-831,1,0,0,28,,
2026-09-08T12:19:53.369,1788850193.3695,231,998,1,0,0,28,,
2026-09-08T12:19:53.401,1788850193.4013,232,2256,1,0,0,28,,
2026-09-08T12:19:53.433,1788850193.4334,233,1498,1,0,0,28,,
2026-09-08T12:19:53.449,1788850193.4493,234,-658,1,0,0,28,,
2026-09-08T12:19:53.487,1788850193.4871,235,-2268,1,0,0,28,,
2026-09-08T12:19:53.512,1788850193.5129,236,-1768,1,0,0,28,,
2026-09-08T12:19:53.544,1788850193.5450,237,-72,1,0,0,28,,
2026-09-08T12:19:53.577,1788850193.5771,238,1797,1,0,0,28,,
2026-09-08T12:19:53.608,1788850193.6089,239,2216,1,0,0,28,,
2026-09-08T12:19:53.624,1788850193.6247,240,671,1,0,0,28,,
2026-09-08T12:19:53.656,1788850193.6567,241,-1659,1,0,0,28,,
2026-09-08T12:19:53.688,1788850193.6885,242,-2388,1,0,0,28,,
2026-09-08T12:19:53.720,1788850193.7203,243,-1081,1,0,0,28,,
2026-09-08T12:19:53.752,1788850193.7524,244,969,1,0,0,28,,
2026-09-08T12:19:53.787,1788850193.7875,245,2403,1,0,0,28,,
2026-09-08T12:19:53.816,1788850193.8166,246,1694,1,0,0,28,,
2026-09-08T12:19:53.848,1788850193.8485,247,-597,1,0,0,28,,
2026-09-08T12:19:53.864,1788850193.8646,248,-2417,1,0,0,28,,
2026-09-08T12:19:53.912,1788850193.9126,249,-1888,1,0,0,28,,
2026-09-08T12:19:53.938,1788850193.9384,250,-39,1,0,0,28,,Q1 BUTTON HOLD
2026-09-08T12:19:53.963,1788850193.9632,251,2003,1,0,0,28,,
2026-09-08T12:19:53.999,1788850193.9993,252,2211,1,0,0,28,,
2026-09-08T12:19:54.027,1788850194.0273,253,649,1,0,0,28,,
2026-09-08T12:19:54.059,1788850194.0595,254,-1856,1,0,0,28,,
2026-09-08T12:19:54.075,1788850194.0756,255,-2299,1,0,0,28,,
2026-09-08T12:19:54.107,1788850194.1078,256,-1107,1,0,0,28,,
2026-09-08T12:19:54.139,1788850194.1398,257,1132,1,0,0,28,,
2026-09-08T12:19:54.171,1788850194.1717,258,2149,1,0,0,28,,
2026-09-08T12:19:54.203,1788850194.2036,259,1726,1,0,0,28,,
2026-09-08T12:19:54.235,1788850194.2354,260,-830,1,0,0,28,,
2026-09-08T12:19:54.267,1788850194.2674,261,-2129,1,0,0,28,,
2026-09-08T12:19:54.299,1788850194.2996,262,-2009,1,0,0,28,,
2026-09-08T12:19:54.317,1788850194.3175,263,79,1,0,0,28,,
2026-09-08T12:19:54.348,1788850194.3481,264,1549,1,0,0,28,,
2026-09-08T12:19:54.396,1788850194.3962,265,2295,1,0,0,28,,
2026-09-08T12:19:54.412,1788850194.4123,266,466,1,0,0,28,,
2026-09-08T12:19:54.444,1788850194.4442,267,-1362,1,0,0,28,,
2026-09-08T12:19:54.476,1788850194.4764,268,-2510,1,0,0,28,,
2026-09-08T12:19:54.508,1788850194.5085,269,-942,1,0,0,28,,
2026-09-08T12:19:54.524,1788850194.5248,270,1140,1,0,0,28,,
2026-09-08T12:19:54.559,1788850194.5594,271,2302,1,0,0,28,,
2026-09-08T12:19:54.590,1788850194.5906,272,1518,1,0,0,28,,
2026-09-08T12:19:54.621,1788850194.6216,273,-856,1,0,0,28,,
2026-09-08T12:19:54.653,1788850194.6537,274,-2392,1,0,0,28,,
2026-09-08T12:19:54.690,1788850194.6907,275,-1791,1,0,0,28,,
2026-09-08T12:19:54.717,1788850194.7173,276,148,1,0,0,28,,
2026-09-08T12:19:54.749,1788850194.7490,277,1814,1,0,0,28,,
2026-09-08T12:19:54.781,1788850194.7811,278,2199,1,0,0,28,,
2026-09-08T12:19:54.797,1788850194.7972,279,462,1,0,0,28,,
2026-09-08T12:19:54.837,1788850194.8380,280,-1658,1,0,0,28,,
2026-09-08T12:19:54.876,1788850194.8768,281,-2293,1,0,0,28,,
2026-09-08T12:19:54.892,1788850194.8930,282,-929,1,0,0,28,,
2026-09-08T12:19:54.924,1788850194.9248,283,905,1,0,0,28,,
2026-09-08T12:19:54.956,1788850194.9566,284,2257,1,0,0,28,,
2026-09-08T12:19:54.988,1788850194.9885,285,1620,1,0,0,28,,
2026-09-08T12:19:55.004,1788850195.0047,286,-491,1,0,0,28,,
2026-09-08T12:19:55.036,1788850195.0368,287,-2213,1,0,0,28,,
2026-09-08T12:19:55.068,1788850195.0686,288,-1833,1,0,0,28,,
2026-09-08T12:19:55.100,1788850195.1008,289,-151,1,0,0,28,,
2026-09-08T12:19:55.132,1788850195.1326,290,1748,1,0,0,28,,
2026-09-08T12:19:55.164,1788850195.1643,291,2268,1,0,0,28,,
2026-09-08T12:19:55.196,1788850195.1962,292,786,1,0,0,28,,
2026-09-08T12:19:55.212,1788850195.2122,293,-1570,1,0,0,28,,
2026-09-08T12:19:55.259,1788850195.2596,294,-2401,1,0,0,28,,
2026-09-08T12:19:55.275,1788850195.2753,295,-1171,1,0,0,28,,
2026-09-08T12:19:55.323,1788850195.3237,296,865,1,0,0,28,,
2026-09-08T12:19:55.339,1788850195.3391,297,2364,1,0,0,28,,
2026-09-08T12:19:55.377,1788850195.3777,298,1738,1,0,0,28,,
2026-09-08T12:19:55.412,1788850195.4122,299,-480,1,0,0,28,,
2026-09-08T12:19:55.433,1788850195.4340,300,-2389,1,0,0,28,,
2026-09-08T12:19:55.465,1788850195.4657,301,-1955,1,0,0,28,,
2026-09-08T12:19:55.497,1788850195.4974,302,-182,1,0,0,28,,
2026-09-08T12:19:55.529,1788850195.5294,303,1924,1,0,0,28,,
2026-09-08T12:19:55.545,1788850195.5454,304,2256,1,0,0,28,,
2026-09-08T12:19:55.577,1788850195.5773,305,823,1,0,0,28,,
2026-09-08T12:19:55.608,1788850195.6083,306,-1732,1,0,0,28,,
2026-09-08T12:19:55.640,1788850195.6402,307,-2304,1,0,0,28,,
2026-09-08T12:19:55.672,1788850195.6724,308,-1219,1,0,0,28,,
2026-09-08T12:19:55.704,1788850195.7042,309,1018,1,0,0,28,,
2026-09-08T12:19:55.736,1788850195.7362,310,2113,1,0,0,28,,
2026-09-08T12:19:55.768,1788850195.7687,311,1891,1,0,0,28,,
2026-09-08T12:19:55.800,1788850195.8009,312,-608,1,0,0,28,,
2026-09-08T12:19:55.817,1788850195.8171,313,-2216,1,0,0,28,,
2026-09-08T12:19:55.848,1788850195.8486,314,-2086,1,0,0,28,,
2026-09-08T12:19:55.880,1788850195.8806,315,-49,1,0,0,28,,
2026-09-08T12:19:55.912,1788850195.9126,316,1865,1,0,0,28,,
2026-09-08T12:19:55.944,1788850195.9445,317,2394,1,0,0,28,,
2026-09-08T12:19:55.976,1788850195.9761,318,715,1,0,0,28,,
2026-09-08T12:19:56.008,1788850196.0081,319,-1629,1,0,0,28,,
2026-09-08T12:19:56.023,1788850196.0239,320,-2458,1,0,0,28,,
2026-09-08T12:19:56.072,1788850196.0721,321,-1015,1,0,0,28,,
2026-09-08T12:19:56.094,1788850196.0941,322,1080,1,0,0,28,,
2026-09-08T12:19:56.119,1788850196.1199,323,2364,1,0,0,28,,
2026-09-08T12:19:56.151,1788850196.1515,324,1772,1,0,0,28,,
2026-09-08T12:19:56.183,1788850196.1837,325,-562,1,0,0,28,,
2026-09-08T12:19:56.215,1788850196.2155,326,-2245,1,0,0,28,,
2026-09-08T12:19:56.247,1788850196.2474,327,-1863,1,0,0,28,,
2026-09-08T12:19:56.275,1788850196.2756,328,-22,1,0,0,28,,
2026-09-08T12:19:56.307,1788850196.3074,329,1699,1,0,0,28,,
2026-09-08T12:19:56.326,1788850196.3262,330,2257,1,0,0,28,,
2026-09-08T12:19:56.355,1788850196.3552,331,710,1,0,0,28,,
2026-09-08T12:19:56.394,1788850196.3944,332,-1467,1,0,0,28,,
2026-09-08T12:19:56.420,1788850196.4208,333,-2315,1,0,0,28,,
2026-09-08T12:19:56.452,1788850196.4527,334,-1077,1,0,0,28,,
2026-09-08T12:19:56.484,1788850196.4846,335,714,1,0,0,28,,
2026-09-08T12:19:56.514,1788850196.5142,336,2197,1,0,0,28,,
2026-09-08T12:19:56.548,1788850196.5483,337,1777,1,0,0,28,,
2026-09-08T12:19:56.580,1788850196.5804,338,-256,1,0,0,28,,
2026-09-08T12:19:56.594,1788850196.5949,339,-2139,1,0,0,28,,
2026-09-08T12:19:56.626,1788850196.6266,340,-1991,1,0,0,28,,
2026-09-08T12:19:56.658,1788850196.6580,341,-363,1,0,0,28,,
2026-09-08T12:19:56.695,1788850196.6950,342,1609,1,0,0,28,,
2026-09-08T12:19:56.722,1788850196.7222,343,2366,1,0,0,28,,
2026-09-08T12:19:56.753,1788850196.7538,344,1037,1,0,0,28,,
2026-09-08T12:19:56.785,1788850196.7856,345,-1360,1,0,0,28,,
2026-09-08T12:19:56.817,1788850196.8173,346,-2439,1,0,0,28,,
2026-09-08T12:19:56.835,1788850196.8352,347,-1344,1,0,0,28,,
2026-09-08T12:19:56.866,1788850196.8667,348,686,1,0,0,28,,
2026-09-08T12:19:56.897,1788850196.8976,349,2364,1,0,0,28,,
2026-09-08T12:19:56.929,1788850196.9292,350,1922,1,0,0,28,,
2026-09-08T12:19:56.958,1788850196.9586,351,-202,1,0,0,28,,
2026-09-08T12:19:56.997,1788850196.9977,352,-2307,1,0,0,28,,
2026-09-08T12:19:57.024,1788850197.0243,353,-2070,1,0,0,28,,
2026-09-08T12:19:57.056,1788850197.0561,354,-379,1,0,0,28,,
2026-09-08T12:19:57.088,1788850197.0882,355,1776,1,0,0,28,,
2026-09-08T12:19:57.119,1788850197.1199,356,2232,1,0,0,28,,
2026-09-08T12:19:57.133,1788850197.1336,357,1110,1,0,0,28,,
2026-09-08T12:19:57.165,1788850197.1656,358,-1480,1,0,0,28,,
2026-09-08T12:19:57.199,1788850197.2000,359,-2186,1,0,0,28,,
2026-09-08T12:19:57.229,1788850197.2299,360,-1350,1,0,0,28,,
2026-09-08T12:19:57.261,1788850197.2620,361,867,1,0,0,28,,
2026-09-08T12:19:57.298,1788850197.2983,362,2308,1,0,0,28,,
2026-09-08T12:19:57.326,1788850197.3268,363,2119,1,0,0,28,,
2026-09-08T12:19:57.357,1788850197.3580,364,-241,1,0,0,28,,
2026-09-08T12:19:57.373,1788850197.3738,365,-2078,1,0,0,28,,
2026-09-08T12:19:57.408,1788850197.4083,366,-2160,1,0,0,28,,
2026-09-08T12:19:57.438,1788850197.4384,367,-214,1,0,0,28,,
2026-09-08T12:19:57.472,1788850197.4723,368,1758,1,0,0,28,,
2026-09-08T12:19:57.504,1788850197.5044,369,2463,1,0,0,28,,
2026-09-08T12:19:57.536,1788850197.5366,370,993,1,0,0,28,,
2026-09-08T12:19:57.566,1788850197.5664,371,-1410,1,0,0,28,,
2026-09-08T12:19:57.600,1788850197.6003,372,-2464,1,0,0,28,,
2026-09-08T12:19:57.614,1788850197.6141,373,-1247,1,0,0,28,,
2026-09-08T12:19:57.645,1788850197.6459,374,815,1,0,0,28,,
2026-09-08T12:19:57.677,1788850197.6778,375,2211,1,0,0,28,,
2026-09-08T12:19:57.727,1788850197.7276,376,1913,1,0,0,28,,
2026-09-08T12:19:57.741,1788850197.7414,377,-281,1,0,0,28,,
2026-09-08T12:19:57.773,1788850197.7735,378,-2116,1,0,0,28,,
2026-09-08T12:19:57.805,1788850197.8058,379,-2021,1,0,0,28,,
2026-09-08T12:19:57.837,1788850197.8376,380,-300,1,0,0,28,,
2026-09-08T12:19:57.869,1788850197.8696,381,1466,1,0,0,28,,
2026-09-08T12:19:57.887,1788850197.8878,382,2277,1,0,0,28,,
2026-09-08T12:19:57.918,1788850197.9189,383,1010,1,0,0,28,,
2026-09-08T12:19:57.951,1788850197.9518,384,-1216,1,0,0,28,,
2026-09-08T12:19:57.982,1788850197.9829,385,-2388,1,0,0,28,,
2026-09-08T12:19:58.014,1788850198.0145,386,-1384,1,0,0,28,,
2026-09-08T12:19:58.046,1788850198.0462,387,387,1,0,0,28,,
2026-09-08T12:19:58.072,1788850198.0723,388,2018,1,0,0,28,,
2026-09-08T12:19:58.103,1788850198.1038,389,1957,1,0,0,28,,
2026-09-08T12:19:58.135,1788850198.1356,390,89,1,0,0,28,,
2026-09-08T12:19:58.167,1788850198.1672,391,-2022,1,0,0,28,,
2026-09-08T12:19:58.201,1788850198.2019,392,-2229,1,0,0,28,,
2026-09-08T12:19:58.214,1788850198.2150,393,-714,1,0,0,28,,
2026-09-08T12:19:58.248,1788850198.2484,394,1332,1,0,0,28,,
2026-09-08T12:19:58.279,1788850198.2800,395,2428,1,0,0,28,,
2026-09-08T12:19:58.312,1788850198.3126,396,1405,1,0,0,28,,
2026-09-08T12:19:58.345,1788850198.3455,397,-996,1,0,0,28,,
2026-09-08T12:19:58.375,1788850198.3754,398,-2453,1,0,0,28,,
2026-09-08T12:19:58.407,1788850198.4076,399,-1132,1,0,0,28,,
2026-09-08T12:19:58.438,1788850198.4385,400,397,1,0,0,28,,
2026-09-08T12:19:58.468,1788850198.4681,401,2280,1,0,0,28,,
2026-09-08T12:19:58.499,1788850198.5000,402,1951,1,0,0,28,,
2026-09-08T12:19:58.516,1788850198.5162,403,297,1,0,0,28,,
2026-09-08T12:19:58.548,1788850198.5481,404,-2080,1,0,0,28,,
2026-09-08T12:19:58.579,1788850198.5798,405,-1908,1,0,0,28,,
2026-09-08T12:19:58.611,1788850198.6116,406,-693,1,0,0,28,,
2026-09-08T12:19:58.643,1788850198.6431,407,1527,1,0,0,28,,
2026-09-08T12:19:58.675,1788850198.6750,408,2348,1,0,0,28,,
2026-09-08T12:19:58.706,1788850198.7068,409,1527,1,0,0,28,,
2026-09-08T12:19:58.724,1788850198.7250,410,-1110,1,0,0,28,,
2026-09-08T12:19:58.770,1788850198.7702,411,-2248,1,0,0,28,,
2026-09-08T12:19:58.788,1788850198.7883,412,-1663,1,0,0,28,,
2026-09-08T12:19:58.820,1788850198.8203,413,485,1,0,0,28,,
2026-09-08T12:19:58.852,1788850198.8524,414,2165,1,0,0,28,,
2026-09-08T12:19:58.883,1788850198.8839,415,2279,1,0,0,28,,
2026-09-08T12:19:58.916,1788850198.9162,416,147,1,0,0,28,,
2026-09-08T12:19:58.948,1788850198.9483,417,-1979,1,0,0,28,,
2026-09-08T12:19:58.979,1788850198.9799,418,-2381,1,0,0,28,,
2026-09-08T12:19:59.011,1788850199.0118,419,-593,1,0,0,28,,
2026-09-08T12:19:59.041,1788850199.0417,420,1474,1,0,0,28,,
2026-09-08T12:19:59.057,1788850199.0577,421,2434,1,0,0,28,,
2026-09-08T12:19:59.089,1788850199.0895,422,1320,1,0,0,28,,
2026-09-08T12:19:59.121,1788850199.1213,423,-1116,1,0,0,28,,
2026-09-08T12:19:59.152,1788850199.1528,424,-2454,1,0,0,28,,
2026-09-08T12:19:59.184,1788850199.1843,425,-1580,1,0,0,28,,
2026-09-08T12:19:59.216,1788850199.2163,426,436,1,0,0,28,,
2026-09-08T12:19:59.248,1788850199.2484,427,1996,1,0,0,28,,
2026-09-08T12:19:59.266,1788850199.2664,428,2088,1,0,0,28,,
2026-09-08T12:19:59.303,1788850199.3037,429,127,1,0,0,28,,
2026-09-08T12:19:59.330,1788850199.3305,430,-1896,1,0,0,28,,
2026-09-08T12:19:59.362,1788850199.3621,431,-2230,1,0,0,28,,
2026-09-08T12:19:59.393,1788850199.3938,432,-681,1,0,0,28,,
2026-09-08T12:19:59.423,1788850199.4237,433,1119,1,0,0,28,,
2026-09-08T12:19:59.457,1788850199.4577,434,2260,1,0,0,28,,
2026-09-08T12:19:59.489,1788850199.4896,435,1384,1,0,0,28,,
2026-09-08T12:19:59.504,1788850199.5042,436,-806,1,0,0,28,,
2026-09-08T12:19:59.551,1788850199.5517,437,-2319,1,0,0,28,,
2026-09-08T12:19:59.568,1788850199.5682,438,-1669,1,0,0,28,,
2026-09-08T12:19:59.604,1788850199.6045,439,41,1,0,0,28,,
2026-09-08T12:19:59.631,1788850199.6312,440,1855,1,0,0,28,,
2026-09-08T12:19:59.662,1788850199.6630,441,2147,1,0,0,28,,
2026-09-08T12:19:59.694,1788850199.6946,442,-27,1,0,0,28,,
2026-09-08T12:19:59.726,1788850199.7262,443,-1794,1,0,0,28,,
2026-09-08T12:19:59.758,1788850199.7580,444,-2397,1,0,0,28,,
2026-09-08T12:19:59.776,1788850199.7763,445,-550,1,0,0,28,,
2026-09-08T12:19:59.821,1788850199.8214,446,993,1,0,0,28,,
2026-09-08T12:19:59.842,1788850199.8422,447,2331,1,0,0,28,,
2026-09-08T12:19:59.870,1788850199.8710,448,1168,1,0,0,28,,
2026-09-08T12:19:59.917,1788850199.9171,449,-736,1,0,0,28,,
2026-09-08T12:19:59.932,1788850199.9322,450,-2523,1,0,0,28,,
2026-09-08T12:19:59.966,1788850199.9662,451,-1520,1,0,0,28,,
2026-09-08T12:19:59.996,1788850199.9962,452,-48,1,0,0,28,,
2026-09-08T12:20:00.028,1788850200.0281,453,2002,1,0,0,28,,
2026-09-08T12:20:00.051,1788850200.0519,454,2173,1,0,0,28,,
2026-09-08T12:20:00.075,1788850200.0759,455,807,1,0,0,28,,
2026-09-08T12:20:00.107,1788850200.1076,456,-1761,1,0,0,28,,
2026-09-08T12:20:00.139,1788850200.1396,457,-2090,1,0,0,28,,
2026-09-08T12:20:00.171,1788850200.1714,458,-1056,1,0,0,28,,
2026-09-08T12:20:00.207,1788850200.2078,459,1139,1,0,0,28,,
2026-09-08T12:20:00.235,1788850200.2355,460,2289,1,0,0,28,,
2026-09-08T12:20:00.267,1788850200.2673,461,1770,1,0,0,28,,
2026-09-08T12:20:00.299,1788850200.2992,462,-783,1,0,0,28,,
2026-09-08T12:20:00.317,1788850200.3177,463,-2261,1,0,0,28,,
2026-09-08T12:20:00.347,1788850200.3474,464,-1972,1,0,0,28,,
2026-09-08T12:20:00.381,1788850200.3815,465,124,1,0,0,28,,
2026-09-08T12:20:00.415,1788850200.4151,466,1996,1,0,0,28,,
2026-09-08T12:20:00.446,1788850200.4460,467,2343,1,0,0,28,,
2026-09-08T12:20:00.476,1788850200.4762,468,433,1,0,0,28,,
2026-09-08T12:20:00.510,1788850200.5104,469,-1812,1,0,0,28,,
2026-09-08T12:20:00.532,1788850200.5325,470,-2502,1,0,0,28,,
2026-09-08T12:20:00.559,1788850200.5592,471,-966,1,0,0,28,,
2026-09-08T12:20:00.589,1788850200.5896,472,1117,1,0,0,28,,
2026-09-08T12:20:00.621,1788850200.6216,473,2238,1,0,0,28,,
2026-09-08T12:20:00.655,1788850200.6556,474,1443,1,0,0,28,,
2026-09-08T12:20:00.685,1788850200.6853,475,-798,1,0,0,28,,
2026-09-08T12:20:00.717,1788850200.7171,476,-2336,1,0,0,28,,
2026-09-08T12:20:00.750,1788850200.7504,477,-1835,1,0,0,28,,
2026-09-08T12:20:00.766,1788850200.7667,478,53,1,0,0,28,,
2026-09-08T12:20:00.796,1788850200.7968,479,1661,1,0,0,28,,
2026-09-08T12:20:00.828,1788850200.8286,480,2060,1,0,0,28,,
2026-09-08T12:20:00.860,1788850200.8607,481,533,1,0,0,28,,
2026-09-08T12:20:00.892,1788850200.8927,482,-1556,1,0,0,28,,
2026-09-08T12:20:00.924,1788850200.9248,483,-2341,1,0,0,28,,
2026-09-08T12:20:00.956,1788850200.9567,484,-1127,1,0,0,28,,
2026-09-08T12:20:00.988,1788850200.9886,485,979,1,0,0,28,,
2026-09-08T12:20:01.011,1788850201.0110,486,1973,1,0,0,28,,
2026-09-08T12:20:01.051,1788850201.0519,487,1570,1,0,0,28,,
2026-09-08T12:20:01.067,1788850201.0676,488,-856,1,0,0,28,,
2026-09-08T12:20:01.099,1788850201.1000,489,-2229,1,0,0,28,,
2026-09-08T12:20:01.131,1788850201.1320,490,-18135,1,0,0,28,,
2026-09-08T12:20:01.163,1788850201.1638,491,-27673,1,0,0,28,,
2026-09-08T12:20:01.196,1788850201.1961,492,-7970,1,0,0,28,,
2026-09-08T12:20:01.227,1788850201.2277,493,8300,1,0,0,28,,
2026-09-08T12:20:01.243,1788850201.2438,494,3523,1,0,0,28,,
2026-09-08T12:20:01.283,1788850201.2837,495,563,1,0,0,28,,
2026-09-08T12:20:01.313,1788850201.3132,496,-1515,1,0,0,28,,
2026-09-08T12:20:01.339,1788850201.3397,497,-483,1,0,0,28,,
2026-09-08T12:20:01.371,1788850201.3716,498,848,1,0,0,28,,
2026-09-08T12:20:01.403,1788850201.4038,499,2155,1,0,0,28,,
2026-09-08T12:20:01.435,1788850201.4357,500,1150,1,0,0,28,,
2026-09-08T12:20:01.467,1788850201.4675,501,-569,1,0,0,28,,
2026-09-08T12:20:01.499,1788850201.4995,502,-2476,1,0,0,28,,
2026-09-08T12:20:01.529,1788850201.5299,503,-1827,1,0,0,28,,
2026-09-08T12:20:01.559,1788850201.5594,504,-551,1,0,0,28,,
2026-09-08T12:20:01.595,1788850201.5951,505,1381,1,0,0,28,,
2026-09-08T12:20:01.613,1788850201.6134,506,1547,1,0,0,28,,
2026-09-08T12:20:01.643,1788850201.6435,507,435,1,0,0,28,,
2026-09-08T12:20:01.675,1788850201.6753,508,-1820,1,0,0,28,,
2026-09-08T12:20:01.706,1788850201.7068,509,-2310,1,0,0,28,,
2026-09-08T12:20:01.738,1788850201.7387,510,-1471,1,0,0,28,,
2026-09-08T12:20:01.754,1788850201.7548,511,708,1,0,0,28,,
2026-09-08T12:20:01.786,1788850201.7870,512,1976,1,0,0,28,,
2026-09-08T12:20:01.818,1788850201.8189,513,1700,1,0,0,28,,
2026-09-08T12:20:01.851,1788850201.8511,514,-388,1,0,0,28,,
2026-09-08T12:20:01.882,1788850201.8827,515,-1971,1,0,0,28,,
2026-09-08T12:20:01.914,1788850201.9142,516,-2050,1,0,0,28,,
2026-09-08T12:20:01.946,1788850201.9464,517,-186,1,0,0,28,,
2026-09-08T12:20:01.978,1788850201.9786,518,1596,1,0,0,28,,
2026-09-08T12:20:01.994,1788850201.9950,519,2134,1,0,0,28,,
2026-09-08T12:20:02.042,1788850202.0427,520,683,1,0,0,28,,
2026-09-08T12:20:02.074,1788850202.0745,521,-1444,1,0,0,28,,
2026-09-08T12:20:02.090,1788850202.0905,522,-2382,1,0,0,28,,
2026-09-08T12:20:02.122,1788850202.1227,523,-1220,1,0,0,28,,
2026-09-08T12:20:02.154,1788850202.1546,524,735,1,0,0,28,,
2026-09-08T12:20:02.186,1788850202.1866,525,1948,1,0,0,28,,
2026-09-08T12:20:02.218,1788850202.2186,526,1481,1,0,0,28,,
2026-09-08T12:20:02.250,1788850202.2506,527,-536,1,0,0,28,,
2026-09-08T12:20:02.266,1788850202.2667,528,-2161,1,0,0,28,,
2026-09-08T12:20:02.298,1788850202.2984,529,-2002,1,0,0,28,,
2026-09-08T12:20:02.330,1788850202.3302,530,-328,1,0,0,28,,
2026-09-08T12:20:02.362,1788850202.3621,531,1509,1,0,0,28,,
2026-09-08T12:20:02.394,1788850202.3946,532,1894,1,0,0,28,,
2026-09-08T12:20:02.428,1788850202.4288,533,630,1,0,0,28,,
2026-09-08T12:20:02.458,1788850202.4582,534,-1602,1,0,0,28,,
2026-09-08T12:20:02.474,1788850202.4743,535,-2277,1,0,0,28,,
2026-09-08T12:20:02.516,1788850202.5160,536,-17557,1,0,0,28,,
2026-09-08T12:20:02.538,1788850202.5382,537,-27065,1,0,0,28,,
2026-09-08T12:20:02.570,1788850202.5709,538,-26752,1,0,0,28,,
2026-09-08T12:20:02.602,1788850202.6027,539,-23544,1,0,0,28,,
2026-09-08T12:20:02.634,1788850202.6341,540,-9200,1,0,0,28,,
2026-09-08T12:20:02.666,1788850202.6663,541,-10148,1,0,0,28,,
2026-09-08T12:20:02.698,1788850202.6985,542,-9456,1,0,0,28,,
2026-09-08T12:20:02.716,1788850202.7165,543,-6898,1,0,0,28,,
2026-09-08T12:20:02.746,1788850202.7465,544,-4668,1,0,0,28,,
2026-09-08T12:20:02.778,1788850202.7785,545,-2725,1,0,0,28,,
2026-09-08T12:20:02.826,1788850202.8266,546,-2952,1,0,0,28,,
2026-09-08T12:20:02.842,1788850202.8424,547,-3710,1,0,0,28,,
2026-09-08T12:20:02.874,1788850202.8740,548,-3905,1,0,0,28,,
2026-09-08T12:20:02.905,1788850202.9058,549,-1921,1,0,0,28,,
2026-09-08T12:20:02.937,1788850202.9377,550,-258,1,0,0,28,,
2026-09-08T12:20:02.953,1788850202.9534,551,1396,1,0,0,28,,
2026-09-08T12:20:02.985,1788850202.9856,552,1093,1,0,0,28,,
2026-09-08T12:20:03.033,1788850203.0330,553,-158,1,0,0,28,,
2026-09-08T12:20:03.048,1788850203.0490,554,-1567,1,0,0,28,,
2026-09-08T12:20:03.080,1788850203.0805,555,-794,1,0,0,28,,
2026-09-08T12:20:03.118,1788850203.1184,556,371,1,0,0,28,,
2026-09-08T12:20:03.143,1788850203.1439,557,2213,1,0,0,28,,
2026-09-08T12:20:03.175,1788850203.1756,558,2624,1,0,0,28,,
2026-09-08T12:20:03.207,1788850203.2078,559,1776,1,0,0,28,,
2026-09-08T12:20:03.239,1788850203.2398,560,-294,1,0,0,28,,
2026-09-08T12:20:03.272,1788850203.2722,561,-833,1,0,0,28,,
2026-09-08T12:20:03.288,1788850203.2880,562,-204,1,0,0,28,,
2026-09-08T12:20:03.321,1788850203.3213,563,1686,1,0,0,28,,
2026-09-08T12:20:03.352,1788850203.3523,564,2758,1,0,0,28,,
2026-09-08T12:20:03.385,1788850203.3857,565,-21293,1,0,0,28,,
2026-09-08T12:20:03.419,1788850203.4191,566,-25080,1,0,0,28,,
2026-09-08T12:20:03.448,1788850203.4489,567,-21933,1,0,0,28,,
2026-09-08T12:20:03.464,1788850203.4646,568,-8762,1,0,0,28,,
2026-09-08T12:20:03.496,1788850203.4967,569,-8867,1,0,0,28,,
2026-09-08T12:20:03.528,1788850203.5286,570,-5985,1,0,0,28,,
2026-09-08T12:20:03.562,1788850203.5624,571,-3855,1,0,0,28,,
2026-09-08T12:20:03.592,1788850203.5924,572,-3520,1,0,0,28,,
2026-09-08T12:20:03.624,1788850203.6247,573,-3830,1,0,0,28,,
2026-09-08T12:20:03.656,1788850203.6569,574,-3481,1,0,0,28,,
2026-09-08T12:20:03.688,1788850203.6888,575,-2168,1,0,0,28,,
2026-09-08T12:20:03.719,1788850203.7192,576,162,1,0,0,28,,
2026-09-08T12:20:03.736,1788850203.7368,577,1795,1,0,0,28,,
2026-09-08T12:20:03.784,1788850203.7849,578,1853,1,0,0,28,,
2026-09-08T12:20:03.801,1788850203.8013,579,415,1,0,0,28,,
2026-09-08T12:20:03.833,1788850203.8335,580,-792,1,0,0,28,,
2026-09-08T12:20:03.865,1788850203.8654,581,-420,1,0,0,28,,
2026-09-08T12:20:03.897,1788850203.8976,582,1208,1,0,0,28,,
2026-09-08T12:20:03.919,1788850203.9194,583,2994,1,0,0,28,,
2026-09-08T12:20:03.962,1788850203.9625,584,3492,1,0,0,28,,
2026-09-08T12:20:03.977,1788850203.9779,585,2561,1,0,0,28,,
2026-09-08T12:20:04.018,1788850204.0181,586,579,1,0,0,28,,
2026-09-08T12:20:04.041,1788850204.0418,587,-16,1,0,0,28,,
2026-09-08T12:20:04.073,1788850204.0738,588,794,1,0,0,28,,
2026-09-08T12:20:04.105,1788850204.1057,589,-23471,1,0,0,28,,
2026-09-08T12:20:04.137,1788850204.1376,590,-23764,1,0,0,28,,
2026-09-08T12:20:04.169,1788850204.1696,591,-23395,1,0,0,28,,
2026-09-08T12:20:04.185,1788850204.1854,592,-9660,1,0,0,28,,
2026-09-08T12:20:04.220,1788850204.2202,593,-6964,1,0,0,28,,
2026-09-08T12:20:04.264,1788850204.2649,594,-7747,1,0,0,28,,
2026-09-08T12:20:04.281,1788850204.2811,595,-5723,1,0,0,28,,
2026-09-08T12:20:04.320,1788850204.3205,596,-3564,1,0,0,28,,
2026-09-08T12:20:04.344,1788850204.3446,597,-1255,1,0,0,28,,
2026-09-08T12:20:04.376,1788850204.3764,598,-1009,1,0,0,28,,
2026-09-08T12:20:04.408,1788850204.4083,599,-1576,1,0,0,28,,
2026-09-08T12:20:04.442,1788850204.4423,600,-1892,1,0,0,28,,
2026-09-08T12:20:04.471,1788850204.4716,601,-91,1,0,0,28,,
2026-09-08T12:20:04.503,1788850204.5038,602,1521,1,0,0,28,,
2026-09-08T12:20:04.535,1788850204.5359,603,3510,1,0,0,28,,
2026-09-08T12:20:04.559,1788850204.5592,604,3698,1,0,0,28,,
2026-09-08T12:20:04.584,1788850204.5840,605,2681,1,0,0,28,,
2026-09-08T12:20:04.621,1788850204.6214,606,1015,1,0,0,28,,
2026-09-08T12:20:04.648,1788850204.6482,607,1384,1,0,0,28,,
2026-09-08T12:20:04.680,1788850204.6802,608,2490,1,0,0,28,,
2026-09-08T12:20:04.711,1788850204.7120,609,4408,1,0,0,28,,
2026-09-08T12:20:04.728,1788850204.7283,610,5127,1,0,0,28,,
2026-09-08T12:20:04.760,1788850204.7604,611,4524,1,0,0,28,,
2026-09-08T12:20:04.792,1788850204.7925,612,2451,1,0,0,28,,
2026-09-08T12:20:04.824,1788850204.8244,613,1552,1,0,0,28,,
2026-09-08T12:20:04.857,1788850204.8572,614,2452,1,0,0,28,,
2026-09-08T12:20:04.872,1788850204.8729,615,3763,1,0,0,28,,
2026-09-08T12:20:04.904,1788850204.9044,616,5165,1,0,0,28,,
2026-09-08T12:20:04.936,1788850204.9365,617,4927,1,0,0,28,,
2026-09-08T12:20:04.968,1788850204.9686,618,3658,1,0,0,28,,
2026-09-08T12:20:05.000,1788850205.0004,619,1895,1,0,0,28,,
2026-09-08T12:20:05.032,1788850205.0325,620,1757,1,0,0,28,,
2026-09-08T12:20:05.064,1788850205.0644,621,2773,1,0,0,28,,
2026-09-08T12:20:05.096,1788850205.0966,622,4490,1,0,0,28,,
2026-09-08T12:20:05.128,1788850205.1283,623,5280,1,0,0,28,,
2026-09-08T12:20:05.160,1788850205.1604,624,4599,1,0,0,28,,
2026-09-08T12:20:05.176,1788850205.1761,625,2653,1,0,0,28,,
2026-09-08T12:20:05.221,1788850205.2219,626,1470,1,0,0,28,,
2026-09-08T12:20:05.257,1788850205.2573,627,1857,1,0,0,28,,
2026-09-08T12:20:05.275,1788850205.2759,628,3509,1,0,0,28,,
2026-09-08T12:20:05.318,1788850205.3181,629,5022,1,0,0,28,,
2026-09-08T12:20:05.332,1788850205.3325,630,5085,1,0,0,28,,
2026-09-08T12:20:05.364,1788850205.3645,631,3632,1,0,0,28,,
2026-09-08T12:20:05.396,1788850205.3963,632,1668,1,0,0,28,,
2026-09-08T12:20:05.428,1788850205.4284,633,1251,1,0,0,28,,
2026-09-08T12:20:05.460,1788850205.4604,634,2354,1,0,0,28,,
2026-09-08T12:20:05.476,1788850205.4762,635,4254,1,0,0,28,,
2026-09-08T12:20:05.507,1788850205.5079,636,4980,1,0,0,28,,
2026-09-08T12:20:05.539,1788850205.5399,637,4366,1,0,0,28,,
2026-09-08T12:20:05.572,1788850205.5728,638,2284,1,0,0,28,,
2026-09-08T12:20:05.603,1788850205.6039,639,1162,1,0,0,28,,
2026-09-08T12:20:05.635,1788850205.6360,640,1288,1,0,0,28,,
2026-09-08T12:20:05.651,1788850205.6520,641,3176,1,0,0,28,,
2026-09-08T12:20:05.699,1788850205.6996,642,4333,1,0,0,28,,
2026-09-08T12:20:05.721,1788850205.7219,643,4735,1,0,0,28,,
2026-09-08T12:20:05.750,1788850205.7505,644,3081,1,0,0,28,,
2026-09-08T12:20:05.778,1788850205.7789,645,1528,1,0,0,28,,
2026-09-08T12:20:05.810,1788850205.8104,646,640,1,0,0,28,,
2026-09-08T12:20:05.842,1788850205.8422,647,2006,1,0,0,28,,
2026-09-08T12:20:05.874,1788850205.8741,648,3326,1,0,0,28,,
2026-09-08T12:20:05.905,1788850205.9057,649,4615,1,0,0,28,,
2026-09-08T12:20:05.921,1788850205.9219,650,3757,1,0,0,28,,
2026-09-08T12:20:05.969,1788850205.9700,651,2270,1,0,0,28,,
2026-09-08T12:20:05.985,1788850205.9858,652,546,1,0,0,28,,
2026-09-08T12:20:06.023,1788850206.0234,653,1016,1,0,0,28,,
2026-09-08T12:20:06.049,1788850206.0493,654,2149,1,0,0,28,,
2026-09-08T12:20:06.081,1788850206.0811,655,3942,1,0,0,28,,
2026-09-08T12:20:06.113,1788850206.1133,656,4126,1,0,0,28,,
2026-09-08T12:20:06.145,1788850206.1452,657,2456,1,0,0,28,,
2026-09-08T12:20:06.176,1788850206.1770,658,974,1,0,0,28,,
2026-09-08T12:20:06.192,1788850206.1927,659,380,1,0,0,28,,
2026-09-08T12:20:06.240,1788850206.2404,660,1601,1,0,0,28,,
2026-09-08T12:20:06.256,1788850206.2562,661,2977,1,0,0,28,,
2026-09-08T12:20:06.288,1788850206.2882,662,4051,1,0,0,28,,
2026-09-08T12:20:06.323,1788850206.3236,663,3240,1,0,0,28,,
2026-09-08T12:20:06.352,1788850206.3523,664,1838,1,0,0,28,,
2026-09-08T12:20:06.384,1788850206.3840,665,325,1,0,0,28,,
2026-09-08T12:20:06.416,1788850206.4161,666,616,1,0,0,28,,
2026-09-08T12:20:06.450,1788850206.4506,667,1868,1,0,0,28,,
2026-09-08T12:20:06.463,1788850206.4638,668,3505,1,0,0,28,,
2026-09-08T12:20:06.495,1788850206.4956,669,3730,1,0,0,28,,
2026-09-08T12:20:06.527,1788850206.5274,670,2718,1,0,0,28,,
2026-09-08T12:20:06.560,1788850206.5608,671,759,1,0,0,28,,
2026-09-08T12:20:06.591,1788850206.5920,672,54,1,0,0,28,,
2026-09-08T12:20:06.623,1788850206.6238,673,819,1,0,0,28,,
2026-09-08T12:20:06.655,1788850206.6553,674,2603,1,0,0,28,,
2026-09-08T12:20:06.686,1788850206.6869,675,3770,1,0,0,28,,
2026-09-08T12:20:06.719,1788850206.7191,676,3394,1,0,0,28,,
2026-09-08T12:20:06.750,1788850206.7506,677,1605,1,0,0,28,,
2026-09-08T12:20:06.766,1788850206.7664,678,5,1,0,0,28,,
2026-09-08T12:20:06.797,1788850206.7978,679,32,1,0,0,28,,
2026-09-08T12:20:06.845,1788850206.8457,680,1485,1,0,0,28,,
2026-09-08T12:20:06.861,1788850206.8616,681,3248,1,0,0,28,,
2026-09-08T12:20:06.893,1788850206.8934,682,3649,1,0,0,28,,
2026-09-08T12:20:06.927,1788850206.9277,683,2567,1,0,0,28,,
2026-09-08T12:20:06.956,1788850206.9566,684,490,1,0,0,28,,
2026-09-08T12:20:06.988,1788850206.9883,685,-260,1,0,0,28,,
2026-09-08T12:20:07.019,1788850207.0198,686,422,1,0,0,28,,
2026-09-08T12:20:07.051,1788850207.0514,687,2369,1,0,0,28,,
2026-09-08T12:20:07.067,1788850207.0674,688,3356,1,0,0,28,,
2026-09-08T12:20:07.115,1788850207.1154,689,3237,1,0,0,28,,
2026-09-08T12:20:07.131,1788850207.1315,690,1328,1,0,0,28,,
2026-09-08T12:20:07.163,1788850207.1636,691,-31,1,0,0,28,,
2026-09-08T12:20:07.195,1788850207.1957,692,-391,1,0,0,28,,
2026-09-08T12:20:07.227,1788850207.2271,693,1327,1,0,0,28,,
2026-09-08T12:20:07.259,1788850207.2593,694,2616,1,0,0,28,,
2026-09-08T12:20:07.275,1788850207.2753,695,3496,1,0,0,28,,
2026-09-08T12:20:07.312,1788850207.3129,696,2191,1,0,0,28,,
2026-09-08T12:20:07.339,1788850207.3394,697,640,1,0,0,28,,
2026-09-08T12:20:07.371,1788850207.3714,698,-688,1,0,0,28,,
2026-09-08T12:20:07.403,1788850207.4035,699,287,1,0,0,28,,
2026-09-08T12:20:07.435,1788850207.4354,700,2178,1,0,0,28,,
2026-09-08T12:20:07.467,1788850207.4672,701,3193,1,0,0,28,,
2026-09-08T12:20:07.498,1788850207.4988,702,2856,1,0,0,28,,
2026-09-08T12:20:07.514,1788850207.5148,703,894,1,0,0,28,,
2026-09-08T12:20:07.558,1788850207.5590,704,-410,1,0,0,28,,
2026-09-08T12:20:07.578,1788850207.5781,705,-488,1,0,0,28,,
2026-09-08T12:20:07.610,1788850207.6103,706,1100,1,0,0,28,,
2026-09-08T12:20:07.642,1788850207.6421,707,2433,1,0,0,28,,
2026-09-08T12:20:07.674,1788850207.6741,708,3116,1,0,0,28,,
2026-09-08T12:20:07.708,1788850207.7081,709,1880,1,0,0,28,,
2026-09-08T12:20:07.737,1788850207.7378,710,356,1,0,0,28,,
2026-09-08T12:20:07.754,1788850207.7541,711,-736,1,0,0,28,,
2026-09-08T12:20:07.801,1788850207.8015,712,56,1,0,0,28,,
2026-09-08T12:20:07.817,1788850207.8175,713,1430,1,0,0,28,,
2026-09-08T12:20:07.849,1788850207.8493,714,2887,1,0,0,28,,
2026-09-08T12:20:07.881,1788850207.8811,715,2601,1,0,0,28,,
2026-09-08T12:20:07.913,1788850207.9132,716,1360,1,0,0,28,,
2026-09-08T12:20:07.945,1788850207.9456,717,-476,1,0,0,28,,
2026-09-08T12:20:07.961,1788850207.9616,718,-678,1,0,0,28,,
2026-09-08T12:20:07.993,1788850207.9935,719,386,1,0,0,28,,
2026-09-08T12:20:08.033,1788850208.0333,720,2169,1,0,0,28,,
2026-09-08T12:20:08.066,1788850208.0661,721,2917,1,0,0,28,,
2026-09-08T12:20:08.097,1788850208.0971,722,2201,1,0,0,28,,
2026-09-08T12:20:08.130,1788850208.1306,723,247,1,0,0,28,,
2026-09-08T12:20:08.159,1788850208.1590,724,-917,1,0,0,28,,
2026-09-08T12:20:08.174,1788850208.1748,725,-490,1,0,0,28,,
2026-09-08T12:20:08.206,1788850208.2066,726,1218,1,0,0,28,,
2026-09-08T12:20:08.238,1788850208.2382,727,2719,1,0,0,28,,
2026-09-08T12:20:08.286,1788850208.2862,728,2711,1,0,0,28,,
2026-09-08T12:20:08.312,1788850208.3124,729,1232,1,0,0,28,,
2026-09-08T12:20:08.334,1788850208.3347,730,-641,1,0,0,28,,
2026-09-08T12:20:08.366,1788850208.3669,731,-1019,1,0,0,28,,
2026-09-08T12:20:08.398,1788850208.3985,732,131,1,0,0,28,,
2026-09-08T12:20:08.414,1788850208.4143,733,2043,1,0,0,28,,
2026-09-08T12:20:08.463,1788850208.4638,734,2767,1,0,0,28,,
2026-09-08T12:20:08.493,1788850208.4934,735,2120,1,0,0,28,,
2026-09-08T12:20:08.509,1788850208.5097,736,68,1,0,0,28,,
2026-09-08T12:20:08.550,1788850208.5501,737,-992,1,0,0,28,,
2026-09-08T12:20:08.574,1788850208.5741,738,-799,1,0,0,28,,
2026-09-08T12:20:08.604,1788850208.6046,739,1144,1,0,0,28,,
2026-09-08T12:20:08.636,1788850208.6366,740,2310,1,0,0,28,,
2026-09-08T12:20:08.668,1788850208.6685,741,2683,1,0,0,28,,
2026-09-08T12:20:08.700,1788850208.7005,742,1027,1,0,0,28,,
2026-09-08T12:20:08.732,1788850208.7320,743,-1029,1,0,0,28,,
2026-09-08T12:20:08.759,1788850208.7591,744,-1296,1,0,0,28,,
2026-09-08T12:20:08.780,1788850208.7801,745,152,1,0,0,28,,
2026-09-08T12:20:08.819,1788850208.8198,746,2059,1,0,0,28,,
2026-09-08T12:20:08.844,1788850208.8446,747,2763,1,0,0,28,,
2026-09-08T12:20:08.876,1788850208.8768,748,1877,1,0,0,28,,
2026-09-08T12:20:08.909,1788850208.9090,749,-288,1,0,0,28,,
2026-09-08T12:20:08.933,1788850208.9336,750,-1245,1,0,0,28,,
2026-09-08T12:20:08.966,1788850208.9664,751,-702,1,0,0,28,,
2026-09-08T12:20:08.988,1788850208.9887,752,1120,1,0,0,28,,
2026-09-08T12:20:09.019,1788850209.0197,753,2321,1,0,0,28,,
2026-09-08T12:20:09.051,1788850209.0517,754,2435,1,0,0,28,,
2026-09-08T12:20:09.083,1788850209.0837,755,744,1,0,0,28,,
2026-09-08T12:20:09.116,1788850209.1162,756,-704,1,0,0,28,,
2026-09-08T12:20:09.148,1788850209.1482,757,-1212,1,0,0,28,,
2026-09-08T12:20:09.179,1788850209.1800,758,105,1,0,0,28,,
2026-09-08T12:20:09.195,1788850209.1959,759,1510,1,0,0,28,,
2026-09-08T12:20:09.244,1788850209.2441,760,2532,1,0,0,28,,
2026-09-08T12:20:09.260,1788850209.2603,761,1653,1,0,0,28,,
2026-09-08T12:20:09.292,1788850209.2924,762,214,1,0,0,28,,
2026-09-08T12:20:09.334,1788850209.3345,763,-1207,1,0,0,28,,
2026-09-08T12:20:09.356,1788850209.3566,764,-798,1,0,0,28,,
2026-09-08T12:20:09.388,1788850209.3883,765,519,1,0,0,28,,
2026-09-08T12:20:09.420,1788850209.4206,766,2147,1,0,0,28,,
2026-09-08T12:20:09.436,1788850209.4363,767,2270,1,0,0,28,,
2026-09-08T12:20:09.476,1788850209.4763,768,1210,1,0,0,28,,
2026-09-08T12:20:09.499,1788850209.4999,769,-734,1,0,0,28,,
2026-09-08T12:20:09.534,1788850209.5346,770,-1309,1,0,0,28,,
2026-09-08T12:20:09.566,1788850209.5662,771,-454,1,0,0,28,,
2026-09-08T12:20:09.596,1788850209.5962,772,1364,1,0,0,28,,
2026-09-08T12:20:09.628,1788850209.6280,773,2443,1,0,0,28,,
2026-09-08T12:20:09.660,1788850209.6600,774,1960,1,0,0,28,,
2026-09-08T12:20:09.682,1788850209.6827,775,137,1,0,0,28,,
2026-09-08T12:20:09.708,1788850209.7083,776,-1323,1,0,0,28,,
2026-09-08T12:20:09.739,1788850209.7400,777,-1179,1,0,0,28,,
2026-09-08T12:20:09.771,1788850209.7719,778,365,1,0,0,28,,
2026-09-08T12:20:09.803,1788850209.8039,779,2074,1,0,0,28,,
2026-09-08T12:20:09.836,1788850209.8365,780,2365,1,0,0,28,,
2026-09-08T12:20:09.867,1788850209.8673,781,1174,1,0,0,28,,
2026-09-08T12:20:09.882,1788850209.8830,782,-838,1,0,0,28,,
2026-09-08T12:20:09.926,1788850209.9263,783,-1477,1,0,0,28,,
